{
    "width": 848,
    "height": 480,
    "cx": 423.769439697266,
    "cy": 238.927520751953,
    "fx": 434.225463867188,
    "fy": 433.208557128906
}